"method","sensitivity","specificity","F1","Loglikelihood","pseudoR2"
"method1","0.125","0.933333333333333","0.194285714285714","-34.7158734752035","-0.33600390656837"
"method2","0.0833333333333333","1","0.139917695473251","-34.1564370084551","-0.314474582076892"
"method3","0.25","1","0.341463414634146","-27.1098587154492","-0.0432944219659848"
"max","method3","method2","method3","method3","method3"
